<?xml version="1.0"?>
<Document>
  <structure name="Agility">
    <file email="what@mail.com" author="san" update="0" version="1,2" filename="another_agility" installed="1" date_modify="10.11.2012">
      <description>great script</description>
      <subfile filename="112211" filepath="C:/"/>
      <subfile filename="lalala" filepath="C:/"/>
    </file>
    <file email="what@mail.com" author="san" update="0" version="1,3" filename="another_another_agility" installed="0" date_modify="10.11.2012">
      <description>great script</description>
      <subfile filename="112211" filepath="C:/"/>
      <subfile filename="lalala" filepath="C:/"/>
    </file>
    <file email="what@mail.com" author="san" update="0" version="1,3" filename="another_another_agility_1" installed="1" date_modify="10.11.2012">
      <description>great script</description>
      <subfile filename="112211" filepath="C:/"/>
      <subfile filename="lalala" filepath="C:/"/>
    </file>
  </structure>
  <structure name="Mining">
    <file email="nobody@mail.com" author="nobody" update="0" version="1" filename="Mining_script" installed="0" date_modify="10.10.2012">
      <description>another great script</description>
      <subfile filename="112211" filepath="C:/"/>
      <subfile filename="lalala" filepath="C:/"/>
    </file>
  </structure>
  <structure name="Smithing">
    <file email="Wizzup@mail.com" author="Wizzup" update="0" version="1" filename="great_mining_script" installed="1" date_modify="10.10.2012">
      <description>not great script</description>
      <subfile filename="112211" filepath="C:/"/>
      <subfile filename="lalala" filepath="C:/"/>
      <subfile filename="112211" filepath="C:/"/>
      <subfile filename="lalala" filepath="C:/"/>
      <subfile filename="112211" filepath="C:/"/>
      <subfile filename="lalala" filepath="C:/"/>
    </file>
  </structure>
  <structure name="Boring">
    <file email="Wizzup@mail.com" author="Wizzup" update="0" version="1" filename="great_fighting_script" installed="1" date_modify="10.10.2012">
      <description>not great script</description>
      <subfile filename="112211" filepath="C:/"/>
      <subfile filename="lalala" filepath="C:/"/>
      <subfile filename="112211" filepath="C:/"/>
      <subfile filename="lalala" filepath="C:/"/>
      <subfile filename="112211" filepath="C:/"/>
      <subfile filename="lalala" filepath="C:/"/>
    </file>
  </structure>
</Document>
