<?xml version="1.0" encoding="utf-8"?>
<Document>
  <structure name="Agility">
    <file email="what@mail.com" author="cynic" update="0" version="1,4" filename="Ardougne agility" installed="0" date_modify="01.11.2012 11:39:56">
      <description>great script</description>
    </file>
    <file email="what@mail.com" author="san" update="0" version="1,3" filename="another_another_agility" installed="0" date_modify="01.11.2012 11:39:56">
      <description>great script</description>
    </file>
    <file email="what@mail.com" author="san" update="0" version="1,3" filename="another_another_agility_1" installed="0" date_modify="01.11.2012 11:39:56">
      <description>great script</description>
    </file>
  </structure>
  <structure name="Collecting">
    <file email="Wizzup@mail.com" author="Wizzup" update="0" version="1" filename="great_collecting_script" installed="0" date_modify="01.11.2012 11:39:56">
      <description>Very great script</description>
    </file>
  </structure>
  <structure name="Construction">
    <file email="Wizzup@mail.com" author="Wizzup" update="0" version="1" filename="great_Construction_script" installed="0" date_modify="01.11.2012 11:39:56">
      <description>Very great script</description>
    </file>
  </structure>
  <structure name="Cooking">
    <file email="Wizzup@mail.com" author="Wizzup" update="0" version="1" filename="great_cooking_script" installed="0" date_modify="01.11.2012 11:39:56">
      <description>Very great script</description>
    </file>
  </structure>
  <structure name="Crafting">
    <file email="Wizzup@mail.com" author="Wizzup" update="0" version="1" filename="great_crafting_script" installed="0" date_modify="01.11.2012 11:39:56">
      <description>Very great script</description>
    </file>
  </structure>
  <structure name="Dungeoneering">
    <file email="Wizzup@mail.com" author="Wizzup" update="0" version="1" filename="great_dungeoneering_script" installed="0" date_modify="01.11.2012 11:39:56">
      <description>Very great script</description>
    </file>
  </structure>
  <structure name="Farming">
    <file email="Wizzup@mail.com" author="Wizzup" update="0" version="1" filename="great_farming_script" installed="0" date_modify="01.11.2012 11:39:56">
      <description>Very great script</description>
    </file>
  </structure>
  <structure name="Fighting">
    <file email="Wizzup@mail.com" author="Wizzup" update="0" version="1" filename="great_fighting_script" installed="0" date_modify="01.11.2012 11:39:56">
      <description>Very great script</description>
    </file>
  </structure>
  <structure name="Firemaking">
    <file email="Wizzup@mail.com" author="Wizzup" update="0" version="1" filename="great_firemaking_script" installed="0" date_modify="01.11.2012 11:39:56">
      <description>Very great script</description>
    </file>
  </structure>
  <structure name="Fishing">
    <file email="Wizzup@mail.com" author="Wizzup" update="0" version="1" filename="great_fishing_script" installed="0" date_modify="01.11.2012 11:39:56">
      <description>Very great script</description>
    </file>
  </structure>
  <structure name="Fletching">
    <file email="Wizzup@mail.com" author="Wizzup" update="0" version="1" filename="great_Fletching_script" installed="0" date_modify="01.11.2012 11:39:56">
      <description>Very great script</description>
    </file>
  </structure>
  <structure name="Herblore">
    <file email="Wizzup@mail.com" author="Wizzup" update="0" version="1" filename="great_herblore_script" installed="0" date_modify="01.11.2012 11:39:56">
      <description>Very great script</description>
    </file>
  </structure>
  <structure name="Hunter">
    <file email="Wizzup@mail.com" author="Wizzup" update="0" version="1" filename="great_hunter_script" installed="0" date_modify="01.11.2012 11:39:56">
      <description>Very great script</description>
    </file>
  </structure>
  <structure name="Magic">
    <file email="Wizzup@mail.com" author="Wizzup" update="0" version="1" filename="great_magic_script" installed="0" date_modify="01.11.2012 11:39:56">
      <description>Very great script</description>
    </file>
  </structure>
  <structure name="Minigames">
    <file email="Wizzup@mail.com" author="Wizzup" update="0" version="1" filename="great_minigame_script" installed="0" date_modify="01.11.2012 11:39:56">
      <description>Very great script</description>
    </file>
  </structure>
  <structure name="Mining">
    <file email="CynicRus@gmail.com" author="Cynic" update="0" version="1,7" filename="Varrok Miner" installed="0" date_modify="01.11.2012 11:39:56">
      <description>another great script</description>
    </file>
  </structure>
  <structure name="Money Making">
    <file email="Wizzup@mail.com" author="Wizzup" update="0" version="1" filename="great_mm_script" installed="0" date_modify="01.11.2012 11:39:56">
      <description>Very great script</description>
    </file>
  </structure>
  <structure name="Multiple Skills">
    <file email="Wizzup@mail.com" author="Wizzup" update="0" version="1" filename="great_mm_script" installed="0" date_modify="01.11.2012 11:39:56">
      <description>Very great script</description>
    </file>
  </structure>
  <structure name="Prayer">
    <file email="Wizzup@mail.com" author="Wizzup" update="0" version="1" filename="great_prayer_script" installed="0" date_modify="01.11.2012 11:39:56">
      <description>Very great script</description>
    </file>
  </structure>
  <structure name="Runecrafting">
    <file email="Wizzup@mail.com" author="Wizzup" update="0" version="1" filename="great_fighting_script" installed="0" date_modify="01.11.2012 11:39:56">
      <description>Very great script</description>
    </file>
  </structure>
  <structure name="Slayer">
    <file email="Wizzup@mail.com" author="Wizzup" update="0" version="1" filename="great_fighting_script" installed="0" date_modify="01.11.2012 11:39:56">
      <description>Very great script</description>
    </file>
  </structure>
  <structure name="Smithing">
    <file email="Wizzup@mail.com" author="Wizzup" update="0" version="1" filename="great_mining_script" installed="0" date_modify="01.11.2012 11:39:56">
      <description>not great script</description>
    </file>
  </structure>
  <structure name="Summoning">
    <file email="Wizzup@mail.com" author="Wizzup" update="0" version="1" filename="great_fighting_script" installed="0" date_modify="01.11.2012 11:39:56">
      <description>Very great script</description>
    </file>
  </structure>
  <structure name="Thieving">
    <file email="Wizzup@mail.com" author="Wizzup" update="0" version="1" filename="great_fighting_script" installed="0" date_modify="01.11.2012 11:39:56">
      <description>Very great script</description>
    </file>
  </structure>
  <structure name="Utilities">
    <file email="Wizzup@mail.com" author="Wizzup" update="0" version="1" filename="great_fighting_script" installed="0" date_modify="01.11.2012 11:39:56">
      <description>Very great script</description>
    </file>
  </structure>
  <structure name="Woodcutting">
    <file email="Wizzup@mail.com" author="Wizzup" update="0" version="1" filename="great_fighting_script" installed="0" date_modify="01.11.2012 11:39:56">
      <description>Very great script</description>
    </file>
  </structure>
  <structure name="Other Scripts">
    <file email="Wizzup@mail.com" author="Wizzup" update="0" version="1" filename="great_fighting_script" installed="0" date_modify="01.11.2012 11:39:56">
      <description>Very great script</description>
    </file>
  </structure>
</Document>
