<?xml version="1.0" encoding="utf-8"?>
<Document>
  <structure name="Agility">
    <file email="what@mail.com" author="cynic" update="1" version="1,4" filename="Ardougne agility" installed="1" date_modify="29.10.2012 14:52:11">
      <description>great script</description>
      <subfile filename="112211" filepath="C:/"/>
      <subfile filename="lalala" filepath="C:/"/>
    </file>
    <file email="what@mail.com" author="san" update="0" version="1,3" filename="another_another_agility" installed="0" date_modify="29.10.2012 14:52:11">
      <description>great script</description>
      <subfile filename="112211" filepath="C:/"/>
      <subfile filename="lalala" filepath="C:/"/>
    </file>
    <file email="what@mail.com" author="san" update="0" version="1,3" filename="another_another_agility_1" installed="0" date_modify="29.10.2012 14:52:11">
      <description>great script</description>
      <subfile filename="112211" filepath="C:/"/>
      <subfile filename="lalala" filepath="C:/"/>
    </file>
  </structure>
  <structure name="Mining">
    <file email="CynicRus@gmail.com" author="Cynic" update="1" version="1,2" filename="Varrok Miner" installed="1" date_modify="29.10.2012 14:52:11">
      <description>another great script</description>
      <subfile filename="varrokminer.png" filepath="{SIMBA_SPS}\RUNESCAPE_OTHER\"/>
    </file>
  </structure>
  <structure name="Smithing">
    <file email="Wizzup@mail.com" author="Wizzup" update="0" version="1" filename="great_mining_script" installed="1" date_modify="29.10.2012 14:52:11">
      <description>not great script</description>
      <subfile filename="112211" filepath="C:/"/>
      <subfile filename="lalala" filepath="C:/"/>
      <subfile filename="112211" filepath="C:/"/>
      <subfile filename="lalala" filepath="C:/"/>
      <subfile filename="112211" filepath="C:/"/>
      <subfile filename="lalala" filepath="C:/"/>
    </file>
  </structure>
  <structure name="Boring">
    <file email="Wizzup@mail.com" author="Wizzup" update="0" version="1" filename="great_fighting_script" installed="0" date_modify="29.10.2012 14:52:11">
      <description>not great script</description>
      <subfile filename="112211" filepath="C:/"/>
      <subfile filename="lalala" filepath="C:/"/>
      <subfile filename="112211" filepath="C:/"/>
      <subfile filename="lalala" filepath="C:/"/>
      <subfile filename="112211" filepath="C:/"/>
      <subfile filename="lalala" filepath="C:/"/>
    </file>
  </structure>
</Document>
