<?xml version="1.0" encoding="UTF-8"?>
<Document>
  <structure name="Agility">

    <file filename="Ardougne agility" date_modify="10.11.2012" author="cynic" email="what@mail.com" version="1,4" >
      <description>great script</description>
 
      <subfile filename="112211" filepath="C:/"/>
      <subfile filename="lalala" filepath="C:/"/>

    </file> 
    <file filename="another_another_agility" date_modify="10.11.2012" author="san" email="what@mail.com" version="1,3" >
      <description>great script</description>
 
      <subfile filename="112211" filepath="C:/"/>
      <subfile filename="lalala" filepath="C:/"/>

    </file> 
    <file filename="another_another_agility_1" date_modify="10.11.2012" author="san" email="what@mail.com" version="1,3" >
      <description>great script</description>
 
      <subfile filename="112211" filepath="C:/"/>
      <subfile filename="lalala" filepath="C:/"/>

    </file>    
  </structure>

  <structure name="Mining">
    <file filename="Varrok Miner" date_modify="10.29.2012" author="Cynic" email="CynicRus@gmail.com" version="1,2">
      <description>another great script</description>
      <subfile filename="varrokminer.png" filepath="{SIMBA_SPS}\RUNESCAPE_OTHER\"/>

    </file> 
  </structure>            

  <structure name="Smithing">
    <file filename="great_mining_script" date_modify="10.10.2012" author="Wizzup" email="Wizzup@mail.com" version="1,0">
      <description>not great script</description>
 
      <subfile filename="112211" filepath="C:/"/>
      <subfile filename="lalala" filepath="C:/"/>
	  <subfile filename="112211" filepath="C:/"/>
      <subfile filename="lalala" filepath="C:/"/>
	  <subfile filename="112211" filepath="C:/"/>
      <subfile filename="lalala" filepath="C:/"/>

    </file> 
  </structure> 
 <structure name="Boring">
    <file filename="great_fighting_script" date_modify="10.10.2012" author="Wizzup" email="Wizzup@mail.com" version="1,0">
      <description>not great script</description>
 
      <subfile filename="112211" filepath="C:/"/>
      <subfile filename="lalala" filepath="C:/"/>
	  <subfile filename="112211" filepath="C:/"/>
      <subfile filename="lalala" filepath="C:/"/>
	  <subfile filename="112211" filepath="C:/"/>
      <subfile filename="lalala" filepath="C:/"/>

    </file>    
  </structure>                          


</Document>
