<?xml version="1.0" encoding="UTF-8"?>
<Document>
  <structure name="Agility">

    <file filename="another_agility" date_modify="10.11.2012" author="san" email="what@mail.com" version="1,2" downloaded="1">
      <description>great script</description>
 
      <subfile filename="112211" filepath="C:/"/>
      <subfile filename="lalala" filepath="C:/"/>

    </file> 
    <file filename="another_another_agility" date_modify="10.11.2012" author="san" email="what@mail.com" version="1,3" downloaded="1">
      <description>great script</description>
 
      <subfile filename="112211" filepath="C:/"/>
      <subfile filename="lalala" filepath="C:/"/>

    </file> 
    <file filename="another_another_agility_1" date_modify="10.11.2012" author="san" email="what@mail.com" version="1,3" downloaded="1">
      <description>great script</description>
 
      <subfile filename="112211" filepath="C:/"/>
      <subfile filename="lalala" filepath="C:/"/>

    </file>    
  </structure>

  <structure name="Mining">
    <file filename="Mining_script" date_modify="10.10.2012" author="nobody" email="nobody@mail.com" version="1,0" downloaded="1">
      <description>another great script</description>
 
      <subfile filename="112211" filepath="C:/"/>
      <subfile filename="lalala" filepath="C:/"/>

    </file> 
  </structure>            

  <structure name="Smithing">
    <file filename="great_mining_script" date_modify="10.10.2012" author="Wizzup" email="Wizzup@mail.com" version="1,0" downloaded="1">
      <description>not great script</description>
 
      <subfile filename="112211" filepath="C:/"/>
      <subfile filename="lalala" filepath="C:/"/>
	  <subfile filename="112211" filepath="C:/"/>
      <subfile filename="lalala" filepath="C:/"/>
	  <subfile filename="112211" filepath="C:/"/>
      <subfile filename="lalala" filepath="C:/"/>

    </file> 
  </structure> 
 <structure name="Boring">
    <file filename="great_fighting_script" date_modify="10.10.2012" author="Wizzup" email="Wizzup@mail.com" version="1,0" downloaded="1">
      <description>not great script</description>
 
      <subfile filename="112211" filepath="C:/"/>
      <subfile filename="lalala" filepath="C:/"/>
	  <subfile filename="112211" filepath="C:/"/>
      <subfile filename="lalala" filepath="C:/"/>
	  <subfile filename="112211" filepath="C:/"/>
      <subfile filename="lalala" filepath="C:/"/>

    </file>    
  </structure>                          


</Document>
