<?xml version="1.0" encoding="UTF-8"?>
<Document>
  <structure name="Agility">

    <file filename="Ardougne agility" date_modify="10.11.2012" author="cynic" email="what@mail.com" version="1,4" >
      <description>great script</description>
 
      <subfile filename="112211" filepath="C:/"/>
      <subfile filename="lalala" filepath="C:/"/>

    </file> 
    <file filename="another_another_agility" date_modify="10.11.2012" author="san" email="what@mail.com" version="1,3" >
      <description>great script</description>
 
      <subfile filename="112211" filepath="C:/"/>
      <subfile filename="lalala" filepath="C:/"/>

    </file> 
    <file filename="another_another_agility_1" date_modify="10.11.2012" author="san" email="what@mail.com" version="1,3" >
      <description>great script</description>
 
      <subfile filename="112211" filepath="C:/"/>
      <subfile filename="lalala" filepath="C:/"/>

    </file>    
  </structure>
  <structure name="Collecting">
    <file filename="great_collecting_script" date_modify="10.10.2012" author="Wizzup" email="Wizzup@mail.com" version="1,0">
      <description>Very great script</description>

    </file>    
  </structure> 
  
   <structure name="Construction">
    <file filename="great_Construction_script" date_modify="10.10.2012" author="Wizzup" email="Wizzup@mail.com" version="1,0">
      <description>Very great script</description>

    </file>    
  </structure> 
  
   <structure name="Cooking">
    <file filename="great_cooking_script" date_modify="10.10.2012" author="Wizzup" email="Wizzup@mail.com" version="1,0">
      <description>Very great script</description>

    </file>    
  </structure>

 <structure name="Crafting">
    <file filename="great_crafting_script" date_modify="10.10.2012" author="Wizzup" email="Wizzup@mail.com" version="1,0">
      <description>Very great script</description>

    </file>    
  </structure> 

 <structure name="Dungeoneering">
    <file filename="great_dungeoneering_script" date_modify="10.10.2012" author="Wizzup" email="Wizzup@mail.com" version="1,0">
      <description>Very great script</description>

    </file>    
  </structure> 

 <structure name="Farming">
    <file filename="great_farming_script" date_modify="10.10.2012" author="Wizzup" email="Wizzup@mail.com" version="1,0">
      <description>Very great script</description>

    </file>    
  </structure>   
  
 <structure name="Fighting">
    <file filename="great_fighting_script" date_modify="10.10.2012" author="Wizzup" email="Wizzup@mail.com" version="1,0">
      <description>Very great script</description>

    </file>    
  </structure> 
  
   <structure name="Firemaking">
    <file filename="great_firemaking_script" date_modify="10.10.2012" author="Wizzup" email="Wizzup@mail.com" version="1,0">
      <description>Very great script</description>

    </file>    
  </structure> 
  
   <structure name="Fishing">
    <file filename="great_fishing_script" date_modify="10.10.2012" author="Wizzup" email="Wizzup@mail.com" version="1,0">
      <description>Very great script</description>

    </file>    
  </structure> 
  
  <structure name="Fletching">
    <file filename="great_Fletching_script" date_modify="10.10.2012" author="Wizzup" email="Wizzup@mail.com" version="1,0">
      <description>Very great script</description>

    </file>    
  </structure> 
  
   <structure name="Herblore">
    <file filename="great_herblore_script" date_modify="10.10.2012" author="Wizzup" email="Wizzup@mail.com" version="1,0">
      <description>Very great script</description>

    </file>    
  </structure> 
  
   <structure name="Hunter">
    <file filename="great_hunter_script" date_modify="10.10.2012" author="Wizzup" email="Wizzup@mail.com" version="1,0">
      <description>Very great script</description>

    </file>    
  </structure> 
  
   <structure name="Magic">
    <file filename="great_magic_script" date_modify="10.10.2012" author="Wizzup" email="Wizzup@mail.com" version="1,0">
      <description>Very great script</description>

    </file>    
  </structure> 
  
   <structure name="Minigames">
    <file filename="great_minigame_script" date_modify="10.10.2012" author="Wizzup" email="Wizzup@mail.com" version="1,0">
      <description>Very great script</description>

    </file>    
  </structure> 
  

  <structure name="Mining">
    <file filename="Varrok Miner" date_modify="10.29.2012" author="Cynic" email="CynicRus@gmail.com" version="1,7">
      <description>another great script</description>
      <subfile filename="varrokminer.png" filepath="{$SIMBA_SPS}img\runescape_other\"/>

    </file> 
  </structure> 
 <structure name="Money Making">
    <file filename="great_mm_script" date_modify="10.10.2012" author="Wizzup" email="Wizzup@mail.com" version="1,0">
      <description>Very great script</description>

    </file>    
  </structure> 

 <structure name="Multiple Skills">
    <file filename="great_mm_script" date_modify="10.10.2012" author="Wizzup" email="Wizzup@mail.com" version="1,0">
      <description>Very great script</description>

    </file>    
  </structure>  
 <structure name="Prayer">
    <file filename="great_prayer_script" date_modify="10.10.2012" author="Wizzup" email="Wizzup@mail.com" version="1,0">
      <description>Very great script</description>

    </file>    
  </structure>  

 <structure name="Runecrafting">
    <file filename="great_fighting_script" date_modify="10.10.2012" author="Wizzup" email="Wizzup@mail.com" version="1,0">
      <description>Very great script</description>

    </file>    
  </structure>  

 <structure name="Slayer">
    <file filename="great_fighting_script" date_modify="10.10.2012" author="Wizzup" email="Wizzup@mail.com" version="1,0">
      <description>Very great script</description>

    </file>    
  </structure>   

  <structure name="Smithing">
    <file filename="great_mining_script" date_modify="10.10.2012" author="Wizzup" email="Wizzup@mail.com" version="1,0">
      <description>not great script</description>
 
    </file> 
  </structure> 
 
   <structure name="Summoning">
    <file filename="great_fighting_script" date_modify="10.10.2012" author="Wizzup" email="Wizzup@mail.com" version="1,0">
      <description>Very great script</description>

    </file>    
  </structure>  
  
   <structure name="Thieving">
    <file filename="great_fighting_script" date_modify="10.10.2012" author="Wizzup" email="Wizzup@mail.com" version="1,0">
      <description>Very great script</description>

    </file>    
  </structure> 
  
   <structure name="Utilities">
    <file filename="great_fighting_script" date_modify="10.10.2012" author="Wizzup" email="Wizzup@mail.com" version="1,0">
      <description>Very great script</description>

    </file>    
  </structure> 
  
   <structure name="Woodcutting">
    <file filename="great_fighting_script" date_modify="10.10.2012" author="Wizzup" email="Wizzup@mail.com" version="1,0">
      <description>Very great script</description>

    </file>    
  </structure> 
  
   <structure name="Other Scripts">
    <file filename="great_fighting_script" date_modify="10.10.2012" author="Wizzup" email="Wizzup@mail.com" version="1,0">
      <description>Very great script</description>

    </file>    
  </structure> 


</Document>
